,graph,avg_recall_drop,size,variance
0,NaiveDeleteHNSWGraph,0.6054999999999999,10000,0.028519750000000003
1,LocalReconnectHNSWGraph,0.6095,10000,0.026659750000000003
